Title,URL
Longform Podcast#585: John Jeremiah Sullivan,http://longform.org/posts/longform-podcast-585-john-jeremiah-sullivan
Longform Podcast#584: Ta-Nehisi Coates,http://longform.org/posts/longform-podcast-584-ta-nehisi-coates
Longform Podcast#583: Jay Caspian Kang,http://longform.org/posts/longform-podcast-583-jay-caspian-kang
Longform Podcast#582: Joseph Cox,http://longform.org/posts/longform-podcast-582-joseph-cox
Longform Podcast#581: Tavi Gevinson,http://longform.org/posts/longform-podcast-581-tavi-gevinson
Longform Podcast#580: Rachel Khong,http://longform.org/posts/longform-podcast-580-rachel-khong
Longform Podcast#579: Kelsey McKinney,http://longform.org/posts/longform-podcast-579-kelsey-mckinney
Longform Podcast#578: Lissa Soep,http://longform.org/posts/longform-podcast-578-lissa-soep
Longform Podcast#577: PJ Vogt,http://longform.org/posts/longform-podcast-577-pj-vogt
Longform Podcast#576: Lindsay Peoples,http://longform.org/posts/longform-podcast-576-lindsay-peoples
Polk Award Winners: Jason Motlagh,http://longform.org/posts/polk-award-winners-jason-motlagh
Polk Award Winners: Brian Howey,http://longform.org/posts/polk-award-winners-brian-howey
Polk Award Winners: Meribah Knight,http://longform.org/posts/polk-award-winners-meribah-knight
Polk Award Winners: Jesse Coburn,http://longform.org/posts/polk-award-winners-jesse-coburn
Polk Award Winners: Amel Guettatfi and Julia Steers,http://longform.org/posts/polk-award-winners-amel-guettatfi-and-julia-steers
Longform Podcast#575: Megan Kimble,http://longform.org/posts/longform-podcast-575-megan-kimble
Longform Podcast#574: Zach Harris,http://longform.org/posts/longform-podcast-574-zach-harris
Longform Podcast#573: Rozina Ali,http://longform.org/posts/longform-podcast-573-rozina-ali
Longform Podcast#572: Derek Thompson,http://longform.org/posts/longform-podcast-572-derek-thompson
Longform Podcast#571: Tessa Hulls,http://longform.org/posts/longform-podcast-571-tessa-hulls
Longform Podcast#570: Sloane Crosley,http://longform.org/posts/longform-podcast-570-sloane-crosley
Longform Podcast#569: Lauren Markham,http://longform.org/posts/longform-podcast-569-lauren-markham
Longform Podcast#568: ZoÃ« Schiffer,http://longform.org/posts/longform-podcast-568-zoe-schiffer
Longform Podcast#566: Patricia Evangelista,http://longform.org/posts/longform-podcast-566-patricia-evangelista
Longform Podcast#565: Susan B. Glasser,http://longform.org/posts/longform-podcast-565-susan-b-glasser
